date,ticker,side,shares,price,notional,cash_after,shares_after
2024-04-15 04:00:00,TSLA,BUY,61.9271736437949,161.48,10000.0,0.0,61.9271736437949
2024-04-16 04:00:00,TSLA,SELL,61.9271736437949,157.11,9729.378251176619,9729.378251176619,0.0
2024-04-19 04:00:00,AVGO,BUY,40.38058226119406,120.471,4864.689125588309,0.0,40.38058226119406
2024-04-19 04:00:00,NVDA,BUY,63.841064640266524,76.2,4864.689125588309,4864.689125588309,63.841064640266524
2024-04-22 04:00:00,AVGO,BUY,41.45920469484274,122.446,5076.513778064714,0.0,81.83978695603679
2024-04-22 04:00:00,NVDA,SELL,63.841064640266524,79.518,5076.513778064714,5076.513778064714,0.0
2024-04-23 04:00:00,AVGO,SELL,81.83978695603679,124.919,10223.34434676116,10223.34434676116,0.0
2024-04-25 04:00:00,META,BUY,23.162228344648963,441.38,10223.34434676116,0.0,23.162228344648963
2024-04-29 04:00:00,AVGO,BUY,24.95217270139406,133.862,3340.147742154011,3340.147742154012,24.95217270139406
2024-04-29 04:00:00,META,SELL,15.44148556309931,432.62,6680.295484308023,6680.295484308023,7.720742781549653
2024-04-29 04:00:00,NVDA,BUY,0.0,87.757,0.0,0.0,0.0
2024-04-30 04:00:00,AVGO,SELL,24.95217270139406,130.027,3244.456159844165,9905.835824337391,0.0
2024-04-30 04:00:00,META,SELL,7.720742781549653,430.17,3321.231922339214,6661.379664493226,0.0
2024-05-01 04:00:00,AMD,BUY,68.66178570969288,144.27,9905.835824337393,-1.8189894035458565e-12,68.66178570969288
2024-05-02 04:00:00,AMD,SELL,68.66178570969288,146.16,10035.60659932871,10035.606599328708,0.0
2024-05-16 04:00:00,TSLA,BUY,57.39880232972265,174.84,10035.606599328708,0.0,57.39880232972265
2024-05-17 04:00:00,AVGO,BUY,36.501341876715884,139.529,5092.99573071629,0.0,36.501341876715884
2024-05-17 04:00:00,TSLA,SELL,28.69940116486132,177.46,5092.99573071629,5092.99573071629,28.699401164861328
2024-05-20 04:00:00,AVGO,SELL,12.498174854833401,141.403,1767.2794189980073,3394.1198263952483,24.003167021882483
2024-05-20 04:00:00,NVDA,BUY,0.0,94.78,0.0,0.0,0.0
2024-05-20 04:00:00,TSLA,SELL,9.298887724476941,174.95,1626.8404073972408,1626.8404073972408,19.400513440384387
2024-05-21 04:00:00,AVGO,BUY,0.7080459666651926,139.92,99.06979165579374,63.47309496234247,24.711212988547675
2024-05-21 04:00:00,NVDA,BUY,35.58299778159529,95.386,3394.119826395248,4.547473508864641e-13,35.58299778159529
2024-05-21 04:00:00,TSLA,SELL,0.8710765627981552,186.6,162.54288661813575,162.5428866181362,18.52943687758623
2024-05-22 04:00:00,AVGO,SELL,0.24270773211575403,139.224,33.79074129608374,33.79074129608374,24.46850525643192
2024-05-22 04:00:00,NVDA,BUY,0.29486610278046044,94.95,27.99753645900472,35.47555850333775,35.87786388437575
2024-05-22 04:00:00,TSLA,BUY,0.19696606797700156,180.11,35.47555850333775,0.0,18.726402945563233
2024-05-23 04:00:00,AVGO,BUY,12.927064765838965,139.329,1801.1150067595772,0.0,37.39557002227089
2024-05-23 04:00:00,NVDA,SELL,35.87786388437575,103.799,3724.0863933343185,3757.877134630402,0.0
2024-05-23 04:00:00,TSLA,BUY,11.262588510825513,173.74,1956.7621278708248,1801.1150067595772,29.988991456388746
2024-05-24 04:00:00,AVGO,BUY,0.39254779885403673,140.784,55.264449313866706,0.0,37.78811782112493
2024-05-24 04:00:00,TSLA,SELL,0.30832654158595574,179.24,55.264449313866706,55.264449313866706,29.68066491480279
2024-05-28 04:00:00,AVGO,SELL,0.3232864099734414,141.245,45.66258897669873,45.66258897669873,37.464831411151486
2024-05-28 04:00:00,TSLA,BUY,0.0,176.75,0.0,0.0,29.68066491480279
2024-05-29 04:00:00,AVGO,BUY,37.93206828590393,139.067,5275.098940315802,0.0,75.39689969705542
2024-05-29 04:00:00,TSLA,SELL,29.68066491480279,176.19,5229.436351339104,5275.098940315802,0.0
2024-05-30 04:00:00,AVGO,SELL,75.39689969705542,136.408,10284.740293875935,10284.740293875935,0.0
2024-05-30 04:00:00,NVDA,BUY,0.0,110.5,0.0,0.0,0.0
2024-05-31 04:00:00,NVDA,BUY,93.81062539450654,109.633,10284.740293875935,0.0,93.81062539450654
2024-06-04 04:00:00,ARM,BUY,43.39356343977498,125.86,5461.513894530079,0.0,43.39356343977498
2024-06-04 04:00:00,NVDA,SELL,46.905312697253265,116.437,5461.513894530079,5461.513894530079,46.90531269725328
2024-06-05 04:00:00,ARM,SELL,43.39356343977498,136.67,5930.598315314046,5930.598315314046,0.0
2024-06-05 04:00:00,NVDA,BUY,0.0,122.44,0.0,0.0,46.90531269725328
2024-06-06 04:00:00,AMD,BUY,34.794481775561515,166.78,5803.0236705281495,0.0,34.794481775561515
2024-06-06 04:00:00,NVDA,BUY,1.0543533346493064,120.998,127.57464478589678,5803.0236705281495,47.959666031902586
2024-06-07 04:00:00,AMD,SELL,11.683944330061724,167.87,1961.3837346874616,3879.5659209760515,23.11053744549979
2024-06-07 04:00:00,ARM,BUY,28.40716058414037,136.57,3879.56592097605,1.3642420526593924e-12,28.40716058414037
2024-06-07 04:00:00,NVDA,SELL,15.867432551523642,120.888,1918.1821862885902,1918.1821862885902,32.092233480378944
2024-06-10 04:00:00,AMD,SELL,23.11053744549979,160.34,3705.5435740114367,4716.931057858323,0.0
2024-06-10 04:00:00,ARM,SELL,7.7000943863813305,139.91,1077.320205598612,2897.125631728467,20.70706619775904
2024-06-10 04:00:00,AVGO,BUY,20.112363546123607,144.047,2897.125631728467,0.0,20.112363546123607
2024-06-10 04:00:00,COIN,BUY,11.597316487444328,249.81,2897.1256317284674,1819.8054261298553,11.597316487444328
2024-06-10 04:00:00,NVDA,SELL,8.304355725813977,121.79,1011.3874838468843,1011.3874838468856,23.787877754564967
2024-06-11 04:00:00,ARM,SELL,4.549625113963689,143.92,654.782046401654,1161.467811855732,16.15744108379535
2024-06-11 04:00:00,AVGO,SELL,4.1963390922805885,146.103,613.0977303994708,1774.5655422552027,15.916024453843018
2024-06-11 04:00:00,COIN,SELL,2.074880284414734,244.2,506.68576545407797,506.68576545407797,9.522436203029594
2024-06-11 04:00:00,NVDA,SELL,4.5555651188869675,120.91,550.8133785246232,550.8133785246232,19.232312635678
2024-06-11 04:00:00,TSLA,BUY,3.2275482158948976,170.66,550.8133785246232,0.0,3.2275482158948976
2024-06-12 04:00:00,ARM,SELL,16.15744108379535,155.59,2513.936258227719,2513.936258227719,0.0
2024-06-12 04:00:00,AVGO,BUY,11.001653736399593,149.551,1645.3083179322955,868.6279402954235,26.91767819024261
2024-06-12 04:00:00,COIN,BUY,2.8596541277420866,254.96,729.0974164091224,0.0,12.38209033077168
2024-06-12 04:00:00,NVDA,BUY,12.92076796359494,125.2,1617.6801490420867,156.885393213116,32.15308059927294
2024-06-12 04:00:00,TSLA,SELL,3.2275482158948976,177.29,572.2120231960064,729.0974164091224,0.0
2024-06-13 04:00:00,AVGO,SELL,26.91767819024261,167.899,4519.451250463544,4519.451250463544,0.0
2024-06-13 04:00:00,COIN,BUY,0.0,247.64,0.0,0.0,12.38209033077168
2024-06-13 04:00:00,META,BUY,3.7305167875053193,504.1,1880.5535125814315,0.0,3.7305167875053193
2024-06-13 04:00:00,NVDA,SELL,7.807465259517073,129.61,1011.925572286008,1880.5535125814315,24.345615339755867
2024-06-13 04:00:00,PLTR,BUY,0.0,23.27,0.0,0.0,0.0
2024-06-14 04:00:00,ARM,BUY,13.340880181279058,157.89,2106.39157182215,0.0,13.340880181279058
2024-06-14 04:00:00,COIN,SELL,3.766991877511348,244.5,921.0295140515246,4212.783143644301,8.615098453260332
2024-06-14 04:00:00,META,BUY,0.44750521309399627,504.16,225.61422823346916,3291.7536295927766,4.178022000599316
2024-06-14 04:00:00,NVDA,SELL,8.373583402978864,131.88,1104.3081791848526,5623.759429648397,15.972031936777002
2024-06-14 04:00:00,PLTR,BUY,89.3674828944485,23.57,2106.391571822151,2106.39157182215,89.3674828944485
2024-06-14 04:00:00,TSLA,BUY,11.832995740813162,178.01,2106.391571822151,3517.3678578262457,11.832995740813162
2024-06-17 04:00:00,ARM,BUY,2.7707293864683145,160.29,444.1202133570061,1791.8542086620953,16.111609567747372
2024-06-17 04:00:00,COIN,BUY,0.0,245.1,0.0,0.0,8.615098453260332
2024-06-17 04:00:00,META,BUY,0.0,506.63,0.0,0.0,4.178022000599316
2024-06-17 04:00:00,NVDA,BUY,0.0,130.98,0.0,0.0,15.972031936777002
2024-06-17 04:00:00,PLTR,SELL,89.3674828944485,25.02,2235.9744220191014,2235.9744220191014,0.0
2024-06-17 04:00:00,TSLA,BUY,0.0,187.44,0.0,0.0,11.832995740813162
2024-06-18 04:00:00,AMD,BUY,0.0,154.63,0.0,0.0,0.0
2024-06-18 04:00:00,ARM,SELL,16.111609567747372,174.13,2805.51457403185,4838.247054078625,0.0
2024-06-18 04:00:00,COIN,SELL,8.615098453260332,235.95,2032.7324800467752,2032.7324800467752,0.0
2024-06-18 04:00:00,META,BUY,0.0,499.49,0.0,0.0,4.178022000599316
2024-06-18 04:00:00,NVDA,BUY,8.12797756767612,135.58,1101.9911986255286,689.8630100365667,24.100009504453123
2024-06-18 04:00:00,TSLA,BUY,3.7318133183845434,184.86,689.8630100365667,0.0,15.564809059197707
2024-06-20 04:00:00,ARM,BUY,13.385853823941249,160.77,2152.0437192750346,2152.0437192750355,13.385853823941249
2024-06-20 04:00:00,AVGO,BUY,12.406856604989361,173.456,2152.0437192750346,9.094947017729282e-13,12.406856604989361
2024-06-20 04:00:00,META,BUY,0.11148112731584181,501.7,55.930081574357835,6456.131157825104,4.289503127915157
2024-06-20 04:00:00,NVDA,SELL,7.644559747035821,130.78,999.7555237173447,5838.00257779597,16.455449757417302
2024-06-20 04:00:00,PLTR,BUY,84.19576366490746,25.56,2152.0437192750346,4304.08743855007,84.19576366490746
2024-06-20 04:00:00,TSLA,SELL,3.7123900512391526,181.57,674.0586616034929,6512.0612393994625,11.852419007958554
2024-06-21 04:00:00,ARM,SELL,0.30095502284414977,160.3,48.24309016191721,54.413822762072414,13.084898801097099
2024-06-21 04:00:00,AVGO,BUY,0.23917824193771153,165.863,39.67082074251465,14.743002019557764,12.646034846927073
2024-06-21 04:00:00,META,SELL,0.05022652454423504,494.78,24.851079813996613,96.45300464462653,4.239276603370922
2024-06-21 04:00:00,NVDA,BUY,7.185705157406401e-15,126.57,9.094947017729281e-13,1.0097419586828951e-28,16.45544975741731
2024-06-21 04:00:00,PLTR,BUY,3.787008055556683,23.84,90.28227204447133,6.170732600155205,87.98277172046414
2024-06-21 04:00:00,TSLA,SELL,0.3912459692400958,183.01,71.60192483062993,71.60192483062993,11.461173038718458
2024-06-24 04:00:00,ARM,BUY,3.1748594268447174,151.07,479.62601361343144,442.8473611325921,16.259758227941816
2024-06-24 04:00:00,AVGO,BUY,2.7813376447365115,159.221,442.8473611325921,0.0,15.427372491663585
2024-06-24 04:00:00,COIN,BUY,11.569693728487447,212.31,2456.36167549517,1253.1712854747798,11.569693728487447
2024-06-24 04:00:00,META,SELL,4.239276603370922,498.91,2115.017490187787,3709.5329609699497,0.0
2024-06-24 04:00:00,NVDA,SELL,16.45544975741731,118.11,1943.5531708485585,1958.2961728681162,0.0
2024-06-24 04:00:00,PLTR,BUY,13.687827430826005,24.16,330.69791072875626,922.4733747460235,101.67059915129015
2024-06-24 04:00:00,TSLA,BUY,1.9924455147658762,182.58,363.7807020859537,1594.5154707821625,13.453618553484334
2024-06-25 04:00:00,ARM,SELL,0.5286013475565969,160.61,84.89866243106503,2620.464267571033,15.73115688038522
2024-06-25 04:00:00,AVGO,BUY,0.5556556560263068,158.079,87.83749044898256,2532.6267771220505,15.983028147689891
2024-06-25 04:00:00,COIN,SELL,11.569693728487447,221.71,2565.116796542952,2565.116796542952,0.0
2024-06-25 04:00:00,META,BUY,0.0,510.6,0.0,0.0,0.0
2024-06-25 04:00:00,PLTR,BUY,1.2032244056589718,24.56,29.551191402984347,2535.565605139968,102.87382355694912
2024-06-25 04:00:00,TSLA,BUY,0.0,187.35,0.0,0.0,13.453618553484334
2024-06-26 04:00:00,ARM,BUY,0.0,164.72,0.0,0.0,15.73115688038522
2024-06-26 04:00:00,AVGO,SELL,15.983028147689891,159.2,2544.4980811122305,2544.4980811122305,0.0
2024-06-26 04:00:00,META,BUY,3.853166982010812,513.12,1977.137041809388,0.0,3.853166982010812
2024-06-26 04:00:00,PLTR,BUY,0.0,24.1,0.0,0.0,102.87382355694912
2024-06-26 04:00:00,TSLA,BUY,2.8287912375243796,196.37,555.4897353126624,1977.137041809388,16.282409791008714
2024-06-27 04:00:00,ARM,BUY,3.7097652796771836,166.935,619.2896669629107,1.7053025658242404e-12,19.440922160062403
2024-06-27 04:00:00,META,BUY,2.393215227531912,519.56,1243.41890361648,1270.182177646673,6.246382209542724
2024-06-27 04:00:00,PLTR,BUY,25.808584880402876,25.22,650.8925106837605,619.2896669629124,128.682408437352
2024-06-27 04:00:00,TSLA,BUY,0.15650389954957689,197.42,30.896999849077467,2513.601081263153,16.43891369055829
2024-06-28 04:00:00,ARM,BUY,0.1821865190887486,163.62,29.80935825330105,18.983005382113156,19.62310867915115
2024-06-28 04:00:00,META,BUY,0.08369203721582828,504.22,42.19919900496494,0.0,6.330074246758552
2024-06-28 04:00:00,PLTR,SELL,1.92626781032034,25.33,48.792363635414205,48.792363635414205,126.75614062703166
2024-06-28 04:00:00,TSLA,SELL,0.2132565140740006,197.88,42.19919900496323,42.19919900496494,16.22565717648429
2024-07-01 04:00:00,ARM,SELL,19.62310867915115,158.83,3116.7383515095776,3116.7383515095776,0.0
2024-07-01 04:00:00,META,SELL,6.330074246758552,504.68,3194.661870854106,6618.761291293213,0.0
2024-07-01 04:00:00,PLTR,BUY,255.74811790159245,25.88,6618.761291293213,0.0,382.5042585286241
2024-07-01 04:00:00,TSLA,SELL,16.22565717648429,209.86,3405.1164150569934,3424.099420439107,0.0
2024-07-02 04:00:00,AMD,BUY,18.968646774448164,164.31,3116.738351509578,-4.547473508864641e-13,18.968646774448164
2024-07-02 04:00:00,PLTR,SELL,130.92037642827688,25.83,3381.673323142392,3381.6733231423914,251.58388210034724
2024-07-03 04:00:00,AMD,BUY,20.63254010459055,163.9,3381.6733231423914,0.0,39.601186879038714
2024-07-03 04:00:00,PLTR,SELL,0.24775285917854717,25.85,6.404411409765444,6.404411409765444,251.3361292411687
2024-07-05 04:00:00,AMD,SELL,13.117317894835605,171.9,2254.8669461222407,2261.2713575320063,26.48386898420311
2024-07-05 04:00:00,ARM,BUY,25.125984206548456,181.19,4552.577078384515,2291.305720852509,25.125984206548456
2024-07-05 04:00:00,META,BUY,4.188237590583627,539.91,2261.2713575320063,0.0,4.188237590583627
2024-07-05 04:00:00,PLTR,SELL,251.3361292411687,27.23,6843.882799237023,6843.882799237023,0.0
2024-07-08 04:00:00,AMD,SELL,26.48386898420311,178.69,4732.402548787253,7023.708269639762,0.0
2024-07-08 04:00:00,ARM,SELL,0.07383572425827367,184.7,13.637458270503146,4627.131824678994,25.052148482290182
2024-07-08 04:00:00,AVGO,BUY,26.503452880981257,174.586,4627.131824678994,0.0,26.503452880981257
2024-07-08 04:00:00,META,BUY,4.55341552034926,529.32,2410.2139032312703,4613.494366408491,8.741653110932887
2024-07-09 04:00:00,AMD,BUY,0.0,177.1,0.0,0.0,0.0
2024-07-09 04:00:00,ARM,SELL,9.917792803708169,182.28,1807.815272259925,1807.8152722599248,15.134355678582013
2024-07-09 04:00:00,AVGO,SELL,10.587717362857381,173.331,1835.1796382214327,3642.9949104813577,15.915735518123876
2024-07-09 04:00:00,META,SELL,3.5365769730235863,530.0,1874.3857957025007,1874.3857957025007,5.205076137909301
2024-07-09 04:00:00,PLTR,BUY,68.43321634547283,27.39,1874.385795702501,-2.2737367544323206e-13,68.43321634547283
2024-07-10 04:00:00,ARM,SELL,0.15020519146587397,186.46,28.007260000726863,28.007260000726863,14.984150487116139
2024-07-10 04:00:00,AVGO,BUY,0.09825378557864717,174.469,17.142239716120994,10.865020284605869,16.013989303702523
2024-07-10 04:00:00,META,BUY,0.02027817922338393,534.69,10.842539648951155,838.2076710047312,5.225354317132685
2024-07-10 04:00:00,PLTR,BUY,29.493584482925094,28.42,838.2076710047312,0.0,97.92680082839792
2024-07-10 04:00:00,TSLA,BUY,10.612872064983954,263.26,2793.9446998276753,849.0502106536824,10.612872064983954
2024-07-11 04:00:00,AMD,BUY,0.0,181.94,0.0,0.0,0.0
2024-07-11 04:00:00,ARM,BUY,0.3534937596963914,173.19,61.22158424181803,11.861134838103503,15.33764424681253
2024-07-11 04:00:00,AVGO,SELL,16.013989303702523,170.595,2731.9065052651317,2743.7676401032354,0.0
2024-07-11 04:00:00,META,SELL,0.04429988548559649,512.7,22.712551288465324,22.712551288465324,5.181054431647088
2024-07-11 04:00:00,PLTR,SELL,1.82236497074733,27.64,50.370167791456204,73.08271907992153,96.10443585765059
2024-07-11 04:00:00,TSLA,BUY,0.045077460418229555,241.03,10.865020284605869,0.0,10.657949525402183
2024-07-12 04:00:00,AMD,BUY,11.159865685953317,181.61,2026.7432072259821,0.0,11.159865685953317
2024-07-12 04:00:00,ARM,BUY,3.222060155261854,181.18,583.7728589303427,1335.9040363418558,18.559704402074384
2024-07-12 04:00:00,META,SELL,5.181054431647088,498.87,2584.672624315783,2584.672624315783,0.0
2024-07-12 04:00:00,PLTR,BUY,23.69062091355842,28.07,664.9957290435848,1919.6768952721984,119.795056771209
2024-07-12 04:00:00,TSLA,BUY,2.8885486559934463,248.23,717.0244328772532,2026.7432072259821,13.546498181395629
2024-07-15 04:00:00,AMD,BUY,1.4463204644080174,179.83,260.0918091144938,0.0,12.606186150361335
2024-07-15 04:00:00,ARM,SELL,18.559704402074384,177.53,3294.9043225002656,3294.9043225002656,0.0
2024-07-15 04:00:00,PLTR,BUY,0.0,28.67,0.0,0.0,119.795056771209
2024-07-15 04:00:00,TSLA,BUY,4.258281456726417,252.64,1075.812227227362,260.0918091144938,17.804779638122046
2024-07-16 04:00:00,AMD,BUY,12.805718881243045,177.55,2273.655387364703,1077.3594607307964,25.41190503160438
2024-07-16 04:00:00,PLTR,BUY,37.57793724209262,28.67,1077.3594607307955,9.094947017729282e-13,157.37299401330162
2024-07-16 04:00:00,TSLA,SELL,0.2187033270783978,256.56,56.11052559523374,3351.0148480954995,17.586076311043648
2024-07-17 04:00:00,AMD,SELL,25.41190503160438,159.43,4051.4200191886866,4134.018024636899,0.0
2024-07-17 04:00:00,META,BUY,8.948284648232427,461.99,4134.018024636899,0.0,8.948284648232427
2024-07-17 04:00:00,PLTR,SELL,5.440252771411679,28.22,153.52393320923755,153.52393320923755,151.93274124188994
2024-07-17 04:00:00,TSLA,SELL,0.33238633983183874,248.5,82.59800544821192,82.59800544821283,17.25368997121181
2024-07-18 04:00:00,META,SELL,8.948284648232427,475.85,4258.0412498614005,4258.0412498614005,0.0
2024-07-18 04:00:00,PLTR,BUY,76.12340477353402,28.64,2180.1743127140144,2077.866937147386,228.05614601542396
2024-07-18 04:00:00,TSLA,BUY,0.6159929912500003,249.23,153.52393320923755,0.0,17.86968296246181
2024-07-19 04:00:00,PLTR,BUY,222.26364946704865,28.58,6352.29510176825,9.094947017729282e-13,450.3197954824726
2024-07-19 04:00:00,TSLA,SELL,17.86968296246181,239.2,4274.428164620865,6352.295101768251,0.0
2024-07-23 04:00:00,COIN,BUY,3.53023600424224e-15,257.63,9.094947017729282e-13,0.0,3.53023600424224e-15
2024-07-23 04:00:00,PLTR,SELL,450.3197954824726,28.81,12973.713307850036,12973.713307850036,0.0
2024-07-24 04:00:00,AVGO,BUY,28.57520221102602,151.34,4324.571102616678,2.7284841053187847e-12,28.57520221102602
2024-07-24 04:00:00,COIN,BUY,17.646988911355084,245.06,4324.571102616677,4324.571102616681,17.646988911355088
2024-07-24 04:00:00,NVDA,BUY,37.85182584347202,114.25,4324.571102616678,8649.142205233358,37.85182584347202
2024-07-25 04:00:00,AMD,BUY,12.506140063686368,138.32,1729.8492936090984,0.0,12.506140063686368
2024-07-25 04:00:00,AVGO,SELL,11.690881481453843,149.26,1744.9809699218006,3310.458130582788,16.884320729572178
2024-07-25 04:00:00,COIN,SELL,6.7617361811549195,231.52,1565.477160660987,1565.477160660987,10.885252730200168
2024-07-25 04:00:00,META,BUY,0.0,453.41,0.0,0.0,0.0
2024-07-25 04:00:00,NVDA,SELL,15.406566562247022,112.28,1729.8492936090956,1729.8492936090984,22.445259281225
2024-07-26 04:00:00,AMD,BUY,10.35866758401364,139.99,1450.1098750860695,4398.009269832017,22.864807647700008
2024-07-26 04:00:00,AVGO,BUY,4.225251403920694,151.63,640.6748703764948,0.0,21.109572133492872
2024-07-26 04:00:00,COIN,BUY,2.290742093829488,242.93,556.4899768539975,640.6748703764948,13.175994824029656
2024-07-26 04:00:00,META,BUY,6.873189655575531,465.7,3200.8444226015245,1197.1648472304923,6.873189655575531
2024-07-26 04:00:00,NVDA,SELL,22.445259281225,113.06,2537.661014335298,5848.119144918086,0.0
2024-07-29 04:00:00,AMD,SELL,0.22944461201985789,139.75,32.06488452977514,32.06488452977514,22.63536303568015
2024-07-29 04:00:00,ARM,BUY,22.30984193000071,141.44,3155.5040425793004,0.0,22.30984193000071
2024-07-29 04:00:00,AVGO,SELL,0.051843573805076204,150.22,7.787941656998547,7.787941656998547,21.057728559687796
2024-07-29 04:00:00,COIN,SELL,13.175994824029656,234.2,3085.8179877877456,3155.5040425793004,0.0
2024-07-29 04:00:00,META,SELL,0.08078239733263093,465.71,37.62117026177955,69.68605479155468,6.7924072582429
2024-07-30 04:00:00,AMD,SELL,22.63536303568015,138.44,3133.63965865956,3133.63965865956,0.0
2024-07-30 04:00:00,ARM,BUY,0.7725221346829763,132.96,102.71454302744853,3108.069107537297,23.082364064683688
2024-07-30 04:00:00,AVGO,BUY,0.32626758050411553,143.52,46.82592315395066,3061.2431843833465,21.38399614019191
2024-07-30 04:00:00,META,SELL,0.16654934671557164,463.19,77.14399190518563,3210.7836505647456,6.625857911527328
2024-07-30 04:00:00,NVDA,BUY,0.0750789709534228,103.73,7.787941656998547,0.0,0.0750789709534228
2024-07-31 04:00:00,ARM,SELL,23.082364064683688,144.17,3327.784427205447,9543.969464900285,0.0
2024-07-31 04:00:00,AVGO,SELL,21.38399614019191,160.68,3435.9804998060363,12979.94996470632,0.0
2024-07-31 04:00:00,META,SELL,6.625857911527328,474.83,3146.1561121305213,6216.185037694837,0.0
2024-07-31 04:00:00,NVDA,SELL,0.0750789709534228,117.02,8.785741180969534,3070.028925564316,0.0
2024-08-01 04:00:00,ARM,BUY,106.82207196696831,121.51,12979.94996470632,0.0,106.82207196696831
2024-08-02 04:00:00,ARM,SELL,53.411035983484155,113.45,6059.4820323262775,6059.4820323262775,53.411035983484155
2024-08-02 04:00:00,PLTR,BUY,0.0,24.74,0.0,0.0,0.0
2024-08-05 04:00:00,ARM,SELL,17.32010205651236,110.45,1913.0052721417903,1913.0052721417903,36.09093392697179
2024-08-05 04:00:00,PLTR,BUY,86.06219925663109,24.09,2073.238380092243,0.0,86.06219925663109
2024-08-05 04:00:00,TSLA,BUY,20.043461646389957,198.88,3986.2436522340345,2073.238380092243,20.043461646389957
2024-08-06 04:00:00,ARM,BUY,72.5189107955489,113.39,8222.919295107291,0.0,108.6098447225207
2024-08-06 04:00:00,PLTR,SELL,86.06219925663109,26.59,2288.3938782338205,8222.919295107291,0.0
2024-08-06 04:00:00,TSLA,SELL,20.043461646389957,200.64,4021.520144731681,5934.525416873471,0.0
2024-08-07 04:00:00,ARM,SELL,108.6098447225207,107.09,11631.028271334742,11631.028271334742,0.0
2024-08-07 04:00:00,TSLA,BUY,0.0,191.76,0.0,0.0,0.0
2024-08-09 04:00:00,PLTR,BUY,193.78587589694672,30.01,5815.514135667371,0.0,193.78587589694672
2024-08-09 04:00:00,TSLA,BUY,29.077570678336855,200.0,5815.514135667371,5815.514135667371,29.077570678336855
2024-08-12 04:00:00,PLTR,BUY,0.8356092479995141,29.38,24.550199706225722,5.258016244624741e-13,194.62148514494623
2024-08-12 04:00:00,TSLA,SELL,0.12431110287217706,197.49,24.55019970622625,24.55019970622625,28.953259575464678
2024-08-13 04:00:00,PLTR,BUY,198.00447310196853,30.39,6017.355937568824,1.8189894035458565e-12,392.62595824691476
2024-08-13 04:00:00,TSLA,SELL,28.953259575464678,207.83,6017.355937568825,6017.3559375688255,0.0
2024-08-22 04:00:00,META,BUY,3.419602961942091e-15,531.93,1.8189894035458565e-12,0.0,3.419602961942091e-15
2024-08-22 04:00:00,PLTR,SELL,196.31297912345735,31.92,6266.310293620759,6266.310293620759,196.3129791234574
2024-08-23 04:00:00,META,BUY,11.841985577807039,528.0,6252.568385082117,13.741908538641837,11.841985577807042
2024-08-23 04:00:00,PLTR,BUY,0.4324074430031999,31.78,13.741908538641693,1.438849039914203e-13,196.7453865664606
2024-08-26 04:00:00,META,SELL,0.09738673312432411,521.12,50.75017436574778,50.750174365747924,11.744598844682718
2024-08-26 04:00:00,PLTR,BUY,1.6450623781441789,30.85,50.750174365747924,0.0,198.3904489446048
2024-08-27 04:00:00,META,BUY,0.0,519.1,0.0,0.0,11.744598844682718
2024-08-27 04:00:00,PLTR,SELL,198.3904489446048,30.84,6118.361445451612,6118.361445451612,0.0
2024-08-28 04:00:00,META,SELL,11.744598844682718,516.78,6069.373790955135,12187.735236406746,0.0
2024-09-06 04:00:00,META,BUY,24.36231482280918,500.27,12187.735236406746,0.0,24.36231482280918
2024-09-09 04:00:00,META,SELL,24.36231482280918,504.79,12297.852899405845,12297.852899405845,0.0
2024-09-09 04:00:00,NVDA,BUY,0.0,106.47,0.0,0.0,0.0
2024-09-10 04:00:00,PLTR,BUY,353.7932364616181,34.76,12297.852899405845,0.0,353.7932364616181
2024-09-12 04:00:00,AVGO,BUY,37.527108303582544,164.56,6175.460942437544,-9.094947017729282e-13,37.527108303582544
2024-09-12 04:00:00,PLTR,SELL,176.89661823080905,34.91,6175.460942437543,6175.460942437543,176.89661823080905
2024-09-13 04:00:00,AVGO,SELL,12.503410936889537,167.69,2096.6969800070065,4196.223811420751,25.023697366693007
2024-09-13 04:00:00,NVDA,BUY,-7.63639548088101e-15,119.1,-9.094947017729281e-13,-1.0097419586828951e-28,-7.63639548088101e-15
2024-09-13 04:00:00,PLTR,SELL,58.99204359128251,35.59,2099.5268314137447,2099.5268314137447,117.90457463952654
2024-09-16 04:00:00,AVGO,SELL,5.846576042057372,164.02,958.9554024182502,2094.6390679127226,19.177121324635635
2024-09-16 04:00:00,META,BUY,1.9704327403128066,533.28,1050.7923717540134,0.0,1.9704327403128066
2024-09-16 04:00:00,NVDA,BUY,26.934675797797034,116.78,3145.431439666738,1050.7923717540134,26.934675797797027
2024-09-16 04:00:00,PLTR,SELL,31.27743501774917,36.31,1135.6836654944725,1135.6836654944725,86.62713962177737
2024-09-17 04:00:00,AVGO,SELL,3.7428171216095016,162.47,608.0954977478957,1258.0433330960252,15.434304203026134
2024-09-17 04:00:00,COIN,BUY,7.692016440564061,162.45,1249.5680707696317,0.0,7.692016440564061
2024-09-17 04:00:00,META,BUY,2.7051989385804855,536.315,1450.8387687447932,1249.5680707696317,4.675631678893292
2024-09-17 04:00:00,NVDA,SELL,5.240658980895429,115.59,605.7677716017026,2700.406839514425,21.6940168169016
2024-09-17 04:00:00,PLTR,SELL,17.831216333282015,36.45,649.9478353481295,649.9478353481295,68.79592328849536
2024-09-18 04:00:00,AVGO,BUY,0.006828084870003082,161.67,1.1038964809333982,5.323935770359881,15.441132287896137
2024-09-18 04:00:00,COIN,BUY,7.624289026810564,162.64,1240.01436732047,0.0,15.316305467374626
2024-09-18 04:00:00,META,SELL,0.035111450276937184,537.95,18.88820467647836,1240.01436732047,4.640520228616355
2024-09-18 04:00:00,NVDA,BUY,0.3256343869809797,113.37,36.917170452033666,1221.1261626439916,22.019651203882578
2024-09-18 04:00:00,PLTR,SELL,0.17668587826534576,36.38,6.427832251293279,6.427832251293279,68.61923741023001
2024-09-19 04:00:00,AVGO,BUY,23.038473482862592,167.42,3857.101230500855,2.2737367544323206e-12,38.47960577075873
2024-09-19 04:00:00,COIN,SELL,15.316305467374626,168.24,2576.815231831107,7772.110314822512,0.0
2024-09-19 04:00:00,META,SELL,4.640520228616355,559.1,2594.514859819404,5195.295082991404,0.0
2024-09-19 04:00:00,NVDA,SELL,22.019651203882578,117.87,2595.4562874016397,2600.7802231719998,0.0
2024-09-19 04:00:00,PLTR,BUY,106.29945925391407,36.83,3915.009084321655,3857.101230500857,174.91869666414408
2024-09-20 04:00:00,AVGO,SELL,0.22467864252091374,171.1,38.44251573532834,38.44251573532834,38.25492712823782
2024-09-20 04:00:00,PLTR,BUY,6.112195576430969e-14,37.2,2.2737367544323206e-12,0.0,174.91869666414414
2024-09-23 04:00:00,AMD,BUY,0.24524730931628927,156.75,38.44251573532834,0.0,0.24524730931628927
2024-09-23 04:00:00,AVGO,SELL,12.634453453944133,172.94,2185.0023803250983,4392.36220149702,25.620473674293684
2024-09-23 04:00:00,PLTR,SELL,58.16494917449067,37.95,2207.3598211719213,2207.3598211719213,116.75374748965346
2024-09-24 04:00:00,AMD,BUY,11.044623992414607,158.32,1748.5848704790806,0.0,11.289871301730896
2024-09-24 04:00:00,AVGO,SELL,10.499349612191539,174.84,1835.7062861955687,3500.1422375458424,15.121124062102146
2024-09-24 04:00:00,META,BUY,0.0,563.33,0.0,0.0,0.0
2024-09-24 04:00:00,PLTR,SELL,45.1066653482459,36.9,1664.4359513502736,1664.4359513502736,71.64708214140757
2024-09-24 04:00:00,TSLA,BUY,10.397519687804063,254.27,2643.777331017939,1748.5848704790806,10.397519687804063
2024-09-25 04:00:00,AMD,BUY,5.146737858225775,162.02,833.87446778974,2675.5788638193226,16.43660915995667
2024-09-25 04:00:00,AVGO,BUY,0.051274616659132535,175.52,8.999720716010943,0.0,15.172398678761278
2024-09-25 04:00:00,META,BUY,4.685927427101723,568.31,2663.05941609618,12.519447723142548,4.685927427101723
2024-09-25 04:00:00,PLTR,BUY,0.09482023187315747,37.12,3.519727007131605,8.999720716010943,71.74190237328072
2024-09-25 04:00:00,TSLA,SELL,0.03622711875815199,257.02,9.311094063220223,3509.4533316090624,10.361292569045911
2024-09-26 04:00:00,AMD,SELL,16.43660915995667,167.49,2752.967668201143,2752.967668201143,0.0
2024-09-26 04:00:00,ARM,BUY,17.98276958173605,149.16,2682.3099108117494,28.519544020052308,17.98276958173605
2024-09-26 04:00:00,AVGO,SELL,0.11085726255739559,178.09,19.74256988884658,48.26211390889889,15.061541416203882
2024-09-26 04:00:00,META,BUY,0.037779798193692926,567.84,21.452880606306593,2731.5147875948364,4.723707225295416
2024-09-26 04:00:00,PLTR,BUY,0.5575561391653565,37.1,20.685332763034726,2710.8294548318017,72.29945851244608
2024-09-26 04:00:00,TSLA,BUY,0.0,254.22,0.0,0.0,10.361292569045911
2024-09-27 04:00:00,AMD,BUY,0.5176680741769202,164.35,85.07874799097682,1.4210854715202004e-14,0.5176680741769202
2024-09-27 04:00:00,ARM,BUY,0.3019235660288899,145.58,43.9540327424858,2637.7149217480155,18.28469314776494
2024-09-27 04:00:00,AVGO,BUY,0.35270161148515733,172.69,60.908041287371816,2576.8068804606437,15.41424302768904
2024-09-27 04:00:00,META,SELL,0.03200243741537534,567.36,18.156902891987354,18.156902891987368,4.691704787880041
2024-09-27 04:00:00,PLTR,SELL,72.29945851244608,36.84,2663.5120515985136,2681.668954490501,0.0
2024-09-27 04:00:00,TSLA,SELL,0.14135235384349976,260.46,36.81663408207795,85.07874799097684,10.219940215202412
2024-09-30 04:00:00,AMD,BUY,15.688035478586698,164.08,2574.0928613265055,17.525138700090338,16.20570355276362
2024-09-30 04:00:00,ARM,BUY,0.30863486382484595,143.01,44.137871875591216,0.07491666109454798,18.593328011589787
2024-09-30 04:00:00,AVGO,BUY,0.00043429948460607524,172.5,0.07491666109454798,0.0,15.414677327173646
2024-09-30 04:00:00,META,SELL,0.04662086827719136,572.44,26.687649836595426,44.212788536685764,4.6450839196028495
2024-09-30 04:00:00,TSLA,SELL,0.05661093745347223,261.63,14.81111956595194,2591.618000026596,10.16332927774894
2024-10-01 04:00:00,AMD,BUY,0.07051676364468307,159.75,11.26505299223812,10.95097170631644,16.276220316408303
2024-10-01 04:00:00,ARM,BUY,0.5140073466276327,136.08,69.94611972908827,18.63018356445636,19.10733535821742
2024-10-01 04:00:00,AVGO,BUY,0.11124490096408834,167.47,18.630183564455876,4.831690603168681e-13,15.525922228137734
2024-10-01 04:00:00,META,SELL,0.1346563248516457,576.47,77.62533158722819,88.57630329354463,4.510427594751204
2024-10-01 04:00:00,TSLA,SELL,0.08610194829297946,258.02,22.21602469855456,22.21602469855456,10.07722732945596
2024-10-02 04:00:00,AMD,SELL,0.0519172573561093,159.78,8.295339380359145,8.295339380359145,16.224303059052193
2024-10-02 04:00:00,ARM,SELL,19.10733535821742,137.03,2618.278164136533,2618.278164136533,0.0
2024-10-02 04:00:00,AVGO,SELL,0.335958892995583,170.66,57.334744678626194,2675.6129088151592,15.189963335142151
2024-10-02 04:00:00,META,BUY,0.014481834081735909,572.81,8.295339380359145,0.0,4.52490942883294
2024-10-02 04:00:00,NVDA,BUY,4.065368618568516e-15,118.85,4.831690603168681e-13,0.0,4.065368618568516e-15
2024-10-02 04:00:00,TSLA,BUY,0.0,249.02,0.0,0.0,10.07722732945596
2024-10-03 04:00:00,AMD,BUY,3.7187587410817287,162.85,605.5998609851595,1819.585668121712,19.943061800133922
2024-10-03 04:00:00,AVGO,BUY,3.7042574697435864,171.89,636.724816474225,572.1147053366503,18.894220804885737
2024-10-03 04:00:00,META,BUY,1.0480054675272177,582.77,610.7461463108366,1208.8395218108753,5.572914896360158
2024-10-03 04:00:00,NVDA,BUY,21.779510857266253,122.85,2675.6129088151592,0.0,21.779510857266256
2024-10-03 04:00:00,TSLA,SELL,10.07722732945596,240.66,2425.1855291068714,2425.1855291068714,0.0
2024-10-04 04:00:00,AMD,SELL,0.3999393168379477,170.9,68.34962924760526,68.34962924760526,19.543122483295974
2024-10-04 04:00:00,AVGO,BUY,0.013838708221612706,176.64,2.4444694202656683,47.10843076893006,18.90805951310735
2024-10-04 04:00:00,META,BUY,0.031541311303838526,595.94,18.796729058409532,49.55290018919573,5.604456207663996
2024-10-04 04:00:00,NVDA,BUY,4.579848745890573,124.92,572.1147053366503,0.0,26.35935960315683
2024-10-07 04:00:00,AMD,SELL,3.9347579153298753,170.97,672.7255607839488,1417.8893098829053,15.608364567966099
2024-10-07 04:00:00,AVGO,SELL,3.666101035924555,175.08,641.8609693696711,641.8609693696714,15.241958477182795
2024-10-07 04:00:00,META,SELL,1.041095473396128,584.78,608.8118109325877,2026.7011208154931,4.563360734267868
2024-10-07 04:00:00,NVDA,SELL,5.465512984106063,127.72,698.0553183300264,745.1637490989564,20.893846619050766
2024-10-07 04:00:00,PLTR,BUY,52.11368271574937,38.89,2026.701120815493,2.2737367544323206e-13,52.11368271574937
2024-10-08 04:00:00,AMD,BUY,10.888417634597563,172.8,1881.518567258459,1536.9256793168684,26.49678220256366
2024-10-08 04:00:00,AVGO,BUY,10.092208316393265,180.73,1823.9648090217547,336.1473395460566,25.33416679357606
2024-10-08 04:00:00,META,BUY,2.5922610928112606,592.89,1536.9256793168684,0.0,7.155621827079129
2024-10-08 04:00:00,NVDA,SELL,20.893846619050766,132.89,2776.583277205656,3418.4442465753273,0.0
2024-10-08 04:00:00,PLTR,SELL,52.11368271574937,41.45,2160.1121485678113,2160.1121485678113,0.0
2024-10-09 04:00:00,AMD,BUY,0.4084171741222171,171.02,69.84750511838158,266.299834427675,26.90519937668588
2024-10-09 04:00:00,ARM,BUY,0.0,148.43,0.0,0.0,0.0
2024-10-09 04:00:00,AVGO,SELL,25.33416679357606,185.95,4710.888315265468,4710.888315265468,0.0
2024-10-09 04:00:00,META,BUY,0.4509658336483295,590.51,266.299834427675,0.0,7.606587660727458
2024-10-10 04:00:00,AMD,SELL,6.2432155435571985,164.18,1025.0111279412208,5735.899443206688,20.66198383312868
2024-10-10 04:00:00,ARM,BUY,22.716697955689188,149.33,3392.2845057230666,3392.2845057230675,22.716697955689188
2024-10-10 04:00:00,AVGO,BUY,18.268536300948178,185.69,3392.284505723067,4.547473508864641e-13,18.268536300948178
2024-10-10 04:00:00,META,SELL,1.7961899324108819,583.83,1048.6695682394452,6784.569011446134,5.810397728316576
2024-10-11 04:00:00,AMD,SELL,7.108635762140631,167.89,1193.4688581057906,1193.4688581057906,13.553348070988049
2024-10-11 04:00:00,ARM,SELL,7.693116761722575,151.46,1165.1994647305012,3511.040855018473,15.023581193966614
2024-10-11 04:00:00,AVGO,SELL,5.730121006490478,181.48,1039.9023602578918,4550.943215276365,12.5384152944577
2024-10-11 04:00:00,META,SELL,1.953339320590187,589.95,1152.372532182181,2345.8413902879715,3.857058407726389
2024-10-11 04:00:00,NVDA,BUY,3.3734966682972113e-15,134.8,4.547473508864641e-13,0.0,3.3734966682972113e-15
2024-10-11 04:00:00,TSLA,BUY,0.0,217.8,0.0,0.0,0.0
2024-10-14 04:00:00,AMD,SELL,13.553348070988049,165.27,2239.961835692195,2239.961835692195,0.0
2024-10-14 04:00:00,ARM,SELL,15.023581193966614,161.82,2431.1159088076774,3502.066200290027,0.0
2024-10-14 04:00:00,AVGO,BUY,6.365078585744477,182.31,1160.4174769670756,2341.648723322952,18.903493880202177
2024-10-14 04:00:00,META,SELL,3.857058407726389,590.42,2277.2844250898142,4517.246260782009,0.0
2024-10-14 04:00:00,NVDA,BUY,24.960498075611348,138.07,3446.2959692996587,1104.647245976706,24.96049807561135
2024-10-14 04:00:00,PLTR,BUY,79.40774122810275,43.4,3446.295969299659,1070.9502914823497,79.40774122810275
2024-10-14 04:00:00,TSLA,BUY,5.040368890202163,219.16,1104.647245976706,0.0,5.040368890202163
2024-10-15 04:00:00,ARM,BUY,13.572653475931581,150.67,2044.991699218611,0.0,13.572653475931581
2024-10-15 04:00:00,AVGO,SELL,3.641451170074353,175.98,640.8225769096846,640.8225769096846,15.262042710127824
2024-10-15 04:00:00,NVDA,SELL,4.551575004727656,131.6,598.9872706221595,2940.6359939451113,20.408923070883695
2024-10-15 04:00:00,PLTR,SELL,16.10785256139772,42.43,683.4561841801053,2044.991699218611,63.29988866670503
2024-10-15 04:00:00,TSLA,BUY,7.191786122451179,219.57,1579.1004789066055,1361.5355150385058,12.232155012653342
2024-10-16 04:00:00,ARM,BUY,0.0,152.5,0.0,0.0,13.572653475931581
2024-10-16 04:00:00,AVGO,SELL,15.262042710127824,176.82,2698.6343920048016,2698.6343920048016,0.0
2024-10-16 04:00:00,NVDA,BUY,4.533408317120827,135.72,615.2741767996387,25.548400110045918,24.942331388004522
2024-10-16 04:00:00,PLTR,BUY,0.0,41.93,0.0,0.0,63.29988866670503
2024-10-16 04:00:00,TSLA,BUY,0.11543125699202962,221.33,25.548400110045918,0.0,12.347586269645372
2024-10-17 04:00:00,ARM,BUY,8.416954724985075,154.6,1301.2612004826926,4.547473508864641e-13,21.989608200916656
2024-10-17 04:00:00,NVDA,SELL,0.11509537061085595,136.93,15.760009097744506,2714.394401102546,24.827236017393666
2024-10-17 04:00:00,PLTR,BUY,17.64281199666914,42.0,740.9981038601038,1301.261200482693,80.94270066337417
2024-10-17 04:00:00,TSLA,BUY,3.0428498200903125,220.89,672.1350967597491,2042.259304342797,15.390436089735685
2024-10-18 04:00:00,ARM,BUY,7.777987272512203,153.03,1190.2653923125424,2287.8424551926455,29.76759547342886
2024-10-18 04:00:00,NVDA,BUY,3.295270658597566e-15,138.0,4.547473508864641e-13,0.0,24.82723601739367
2024-10-18 04:00:00,PLTR,SELL,80.94270066337417,42.97,3478.107847505188,3478.107847505188,0.0
2024-10-18 04:00:00,TSLA,BUY,0.0,220.7,0.0,0.0,15.390436089735685
2024-10-21 04:00:00,ARM,SELL,7.189560271807867,152.35,1095.3295074099285,1095.3295074099285,22.57803520162099
2024-10-21 04:00:00,COIN,BUY,10.969652608820088,213.72,2344.434155557029,0.0,10.969652608820088
2024-10-21 04:00:00,NVDA,SELL,0.8917850190848711,143.71,128.15842509268683,2416.000880285332,23.9354509983088
2024-10-21 04:00:00,TSLA,BUY,0.3270126786762777,218.85,71.56672472830337,2344.434155557029,15.717448768411963
2024-10-22 04:00:00,ARM,SELL,0.10681513165483736,152.58,16.297852787895085,16.297852787895085,22.471220069966154
2024-10-22 04:00:00,COIN,BUY,5.224163381534607,210.72,1100.8357077569724,0.0,16.193815990354693
2024-10-22 04:00:00,NVDA,SELL,0.05733442838445768,143.59,8.232650571724278,1103.5621579816527,23.87811656992434
2024-10-22 04:00:00,TSLA,BUY,0.012508373742626588,217.97,2.7264502246803173,1100.8357077569724,15.72995714215459
2024-10-23 04:00:00,ARM,SELL,22.471220069966154,142.41,3200.12645016388,3200.12645016388,0.0
2024-10-23 04:00:00,COIN,BUY,0.0,198.93,0.0,0.0,16.193815990354693
2024-10-23 04:00:00,NVDA,BUY,0.11678025786683208,139.56,16.297852787895085,0.0,23.994896827791173
2024-10-23 04:00:00,TSLA,BUY,0.0,213.65,0.0,0.0,15.72995714215459
2024-10-24 04:00:00,AMD,BUY,22.897692424864857,153.44,3513.4219256712636,126.32337312867503,22.897692424864857
2024-10-24 04:00:00,COIN,BUY,0.6039556948205921,209.16,126.32337312867504,-1.4210854715202004e-14,16.797771685175285
2024-10-24 04:00:00,NVDA,BUY,1.0276936263877587,140.41,144.2984620811052,3055.8279880827745,25.022590454178932
2024-10-24 04:00:00,TSLA,SELL,2.2416972923724057,260.48,583.9173107171642,3639.7452987999386,13.488259849782184
2024-10-25 04:00:00,AMD,SELL,0.18418715105008587,156.23,28.775558608554913,111.149298643339,22.71350527381477
2024-10-25 04:00:00,COIN,BUY,0.5087584012862933,205.04,104.31582259974158,6.833476043597415,17.306530086461578
2024-10-25 04:00:00,NVDA,BUY,-1.0040168655646464e-16,141.54,-1.4210854715202004e-14,0.0,25.022590454178932
2024-10-25 04:00:00,TSLA,SELL,0.3060059438864151,269.19,82.37374003478408,82.37374003478408,13.182253905895768
2024-10-28 04:00:00,AMD,SELL,22.71350527381477,159.92,3632.343763388458,3632.343763388458,0.0
2024-10-28 04:00:00,COIN,BUY,4.83717849687071,216.1,1045.3142731737603,2587.0294902146975,22.143708583332288
2024-10-28 04:00:00,NVDA,BUY,0.0486299177597311,140.52,6.833476043597415,0.0,25.07122037193866
2024-10-28 04:00:00,TSLA,BUY,0.0,262.51,0.0,0.0,13.182253905895768
2024-10-29 04:00:00,COIN,SELL,0.2712922295372202,219.66,59.59205114014579,59.59205114014579,21.872416353795067
2024-10-29 04:00:00,NVDA,BUY,8.942903353899386,141.25,1263.1850987382882,1323.8443914764093,34.01412372583805
2024-10-29 04:00:00,TSLA,BUY,5.101126662594056,259.52,1323.8443914764093,0.0,18.283380568489825
2024-10-30 04:00:00,COIN,BUY,11.515465210025914,211.74,2438.284603570887,0.0,33.38788156382098
2024-10-30 04:00:00,NVDA,SELL,34.01412372583805,139.335,4739.357929339644,4798.94998047979,0.0
2024-10-30 04:00:00,TSLA,BUY,9.165852754451183,257.55,2360.6653769089025,2438.284603570887,27.44923332294101
2024-10-31 04:00:00,AMD,BUY,3.031211131470464,144.07,436.70658771094975,0.0,3.031211131470464
2024-10-31 04:00:00,COIN,SELL,33.38788156382098,179.25,5984.777770314911,5984.777770314911,0.0
2024-10-31 04:00:00,TSLA,SELL,1.7478750758893327,249.85,436.70658771094975,436.70658771094975,25.701358247051676
2024-11-01 04:00:00,AMD,BUY,42.132716535864354,141.86,5976.947167777718,-9.094947017729282e-13,45.16392766733482
2024-11-01 04:00:00,TSLA,BUY,0.031450729123598364,248.98,7.830602537193521,5976.947167777717,25.732808976175274
2024-11-04 05:00:00,AMD,SELL,45.16392766733482,140.71,6355.016262070682,6355.016262070682,0.0
2024-11-04 05:00:00,TSLA,BUY,-3.745242553833505e-15,242.84,-9.094947017729282e-13,0.0,25.73280897617527
2024-11-05 05:00:00,TSLA,BUY,25.274484020325655,251.44,6355.016262070682,0.0,51.00729299650092
2024-11-06 05:00:00,COIN,BUY,57.87084364861944,254.31,14717.13424828041,0.0,57.87084364861944
2024-11-06 05:00:00,TSLA,SELL,51.00729299650092,288.53,14717.13424828041,14717.13424828041,0.0
2024-11-07 05:00:00,AVGO,BUY,26.822316920940384,183.81,4930.210073238052,4930.210073238052,26.822316920940384
2024-11-07 05:00:00,COIN,SELL,38.58056243241296,255.58,9860.420146476104,9860.420146476104,19.29028121620648
2024-11-07 05:00:00,NVDA,BUY,0.0,148.88,0.0,0.0,0.0
2024-11-08 05:00:00,AVGO,BUY,0.5473757550838805,183.64,100.5200836636038,95.9602897870428,27.369692676024265
2024-11-08 05:00:00,COIN,SELL,0.7257160872078252,270.74,196.4803734506466,196.4803734506466,18.564565128998655
2024-11-08 05:00:00,NVDA,BUY,33.39571952338991,147.63,4930.210073238052,0.0,33.39571952338991
2024-11-11 05:00:00,AVGO,BUY,16.96295732075815,178.91,3034.842694256841,2984.531903169683,44.332649996782415
2024-11-11 05:00:00,COIN,SELL,18.564565128998655,324.24,6019.374597426524,6019.374597426524,0.0
2024-11-11 05:00:00,NVDA,BUY,0.6606105589084593,145.26,95.9602897870428,0.0,34.056330082298366
2024-11-12 05:00:00,AVGO,SELL,26.347126590237522,176.22,4642.890647731656,4642.890647731656,17.985523406544893
2024-11-12 05:00:00,META,BUY,2.899913172721565,584.82,1695.9272216710256,0.0,2.899913172721565
2024-11-12 05:00:00,NVDA,SELL,12.683284464243602,148.29,1880.8042532026836,4865.3361563723665,21.373045618054764
2024-11-12 05:00:00,PLTR,BUY,0.0,59.85,0.0,0.0,0.0
2024-11-12 05:00:00,TSLA,BUY,9.64841832232744,328.49,3169.408934701341,1695.9272216710256,9.64841832232744
2024-11-13 05:00:00,AVGO,SELL,17.985523406544893,173.58,3121.9271529080625,3121.9271529080625,0.0
2024-11-13 05:00:00,COIN,BUY,13.837539064815001,284.72,3939.8241225341276,817.896969626066,13.837539064815001
2024-11-13 05:00:00,META,SELL,2.899913172721565,580.0,1681.9496401785075,4757.721092160194,0.0
2024-11-13 05:00:00,NVDA,BUY,5.562239283388642,146.27,813.5887399812567,3829.301907750399,26.935284901443406
2024-11-13 05:00:00,PLTR,BUY,13.474414656113114,60.7,817.896969626066,0.0,13.474414656113114
2024-11-13 05:00:00,TSLA,BUY,2.281766157245377,330.24,753.5304557687133,3075.771451981686,11.930184479572818
2024-11-14 05:00:00,COIN,BUY,0.008447543615599074,278.84,2.3555130617736455,3063.3990465460156,13.8459866084306
2024-11-14 05:00:00,NVDA,SELL,0.6282877230924342,146.76,92.20750624104564,3214.1346591491083,26.306997178350972
2024-11-14 05:00:00,PLTR,BUY,51.76409338536692,59.18,3063.3990465460142,1.3642420526593924e-12,65.23850804148003
2024-11-14 05:00:00,TSLA,BUY,0.47683045035451777,311.18,148.38009954131883,3065.7545596077894,12.407014929927335
2024-11-15 05:00:00,ARM,BUY,25.230757346050197,128.73,3247.9553931570417,0.0,25.230757346050197
2024-11-15 05:00:00,COIN,SELL,3.226547690146992,305.85,986.8396110314576,2205.174112425942,10.619438918283608
2024-11-15 05:00:00,META,BUY,5.8618888845600665,554.08,3247.9553931570417,1218.3345013944845,5.8618888845600665
2024-11-15 05:00:00,NVDA,SELL,26.306997178350972,141.98,3735.067459382271,3735.0674593822723,0.0
2024-11-15 05:00:00,PLTR,SELL,15.854968537799905,65.77,1042.7812807310997,3247.9553931570417,49.383539503680126
2024-11-15 05:00:00,TSLA,SELL,2.279940244354121,320.72,731.2224351692537,4466.289894551526,10.127074685573215
2024-11-18 05:00:00,ARM,SELL,25.230757346050197,128.66,3246.189240142818,3246.189240142818,0.0
2024-11-18 05:00:00,COIN,BUY,6.187433401895143,325.41,2013.4527033106988,1236.3784942894022,16.80687232017875
2024-11-18 05:00:00,META,SELL,5.8618888845600665,554.4,3249.831197600101,3249.831197600101,0.0
2024-11-18 05:00:00,PLTR,BUY,20.182476237176008,61.26,1236.3784942894022,0.0,69.56601574085613
2024-11-18 05:00:00,TSLA,BUY,0.0,338.74,0.0,0.0,10.127074685573215
2024-11-19 05:00:00,COIN,BUY,0.22738973081249725,324.57,73.80388492981223,1147.5427625311086,17.03426205099125
2024-11-19 05:00:00,PLTR,BUY,18.220748849334846,62.98,1147.5427625311086,0.0,87.78676459019098
2024-11-19 05:00:00,TSLA,BUY,5.852146221623981,346.0,2024.8425926818973,1221.3466474609208,15.979220907197195
2024-11-20 05:00:00,COIN,BUY,0.017101908644416852,320.01,5.472781785299837,3.2931643803468376,17.051363959635665
2024-11-20 05:00:00,PLTR,BUY,0.05301294881432739,62.12,3.2931643803460173,8.202327705930657e-13,87.83977753900531
2024-11-20 05:00:00,TSLA,SELL,0.02562917336387649,342.03,8.765946165646675,8.765946165646675,15.953591733833319
2024-11-21 05:00:00,COIN,BUY,0.46634021086576144,295.23,137.67762045389875,0.0,17.51770417050143
2024-11-21 05:00:00,PLTR,SELL,1.7771915542391667,61.36,109.04847376811527,109.04847376811527,86.06258598476614
2024-11-21 05:00:00,TSLA,SELL,0.4053633860967434,339.64,137.67762045389793,137.67762045389875,15.548228347736575
2024-11-22 05:00:00,COIN,BUY,0.3356343153350306,304.64,102.24763782366371,0.0,17.85333848583646
2024-11-22 05:00:00,PLTR,SELL,0.7714558802990297,64.35,49.64318589724255,49.64318589724255,85.29113010446711
2024-11-22 05:00:00,TSLA,BUY,0.01928986823363843,352.56,6.800835944451565,102.24763782366371,15.567518215970214
2024-11-25 05:00:00,COIN,SELL,0.3348258110726654,312.22,104.5393147331076,104.5393147331076,17.518512674763794
2024-11-25 05:00:00,PLTR,SELL,0.6874173849813872,64.65,44.441533939046685,148.98084867215428,84.60371271948573
2024-11-25 05:00:00,TSLA,BUY,0.14661740127364234,338.59,49.64318589724255,0.0,15.714135617243857
2024-11-26 05:00:00,COIN,SELL,17.518512674763794,293.29,5138.0045823814735,5138.0045823814735,0.0
2024-11-26 05:00:00,PLTR,BUY,38.333810820619306,65.74,2520.064723347513,2617.9398590339606,122.93752354010503
2024-11-26 05:00:00,TSLA,BUY,0.4404720121578638,338.23,148.98084867215428,0.0,16.15460762940172
2024-11-27 05:00:00,AMD,BUY,58.687956494315166,136.24,7995.647192785499,0.0,58.687956494315166
2024-11-27 05:00:00,PLTR,SELL,0.9415309389737843,66.05,62.18811851921845,62.18811851921845,121.99599260113125
2024-11-27 05:00:00,TSLA,SELL,16.15460762940172,332.89,5377.7073337515385,7995.647192785499,0.0
2024-11-29 05:00:00,AMD,SELL,58.687956494315166,137.175,8050.5204321076835,8112.708550626902,0.0
2024-11-29 05:00:00,PLTR,BUY,120.94079532836763,67.08,8112.7085506269,1.8189894035458565e-12,242.93678792949888
2024-12-02 05:00:00,PLTR,SELL,242.93678792949888,66.39,16128.57335063943,16128.573350639432,0.0
2024-12-03 05:00:00,PLTR,BUY,227.2910562378725,70.96,16128.573350639432,0.0,227.2910562378725
2024-12-05 05:00:00,META,BUY,0.0,608.93,0.0,0.0,0.0
2024-12-05 05:00:00,PLTR,SELL,113.64552811893626,71.87,8167.704105907949,8167.704105907949,113.64552811893626
2024-12-06 05:00:00,PLTR,BUY,106.9911462654958,76.34,8167.70410590795,-9.094947017729282e-13,220.63667438443207
2024-12-09 05:00:00,AMD,BUY,-6.9496042009087504e-15,130.87,-9.094947017729282e-13,0.0,-6.9496042009087504e-15
2024-12-09 05:00:00,META,BUY,0.0,613.57,0.0,0.0,0.0
2024-12-09 05:00:00,PLTR,SELL,147.09111625628805,72.46,10658.22228393063,10658.22228393063,73.54555812814402
2024-12-10 05:00:00,META,BUY,12.813946667017662,619.32,7935.933449817379,2722.288834113251,12.813946667017662
2024-12-10 05:00:00,PLTR,BUY,38.40159167884397,70.89,2722.2888341132493,1.8189894035458565e-12,111.947149806988
2024-12-11 05:00:00,META,BUY,2.8750543774828613e-15,632.68,1.8189894035458565e-12,0.0,12.813946667017666
2024-12-11 05:00:00,PLTR,SELL,111.947149806988,72.51,8117.2878325047,8117.2878325047,0.0
2024-12-12 05:00:00,META,BUY,0.02725028489404302,630.79,17.189207208313395,3.517186542012496e-13,12.841196951911709
2024-12-12 05:00:00,TSLA,BUY,19.373591545793797,418.1,8100.098625296387,17.189207208313746,19.373591545793797
2024-12-13 05:00:00,META,BUY,13.623505827390389,620.35,8451.341840021629,0.0,26.464702779302097
2024-12-13 05:00:00,TSLA,SELL,19.373591545793797,436.23,8451.341840021629,8451.341840021629,0.0
2024-12-18 05:00:00,AVGO,BUY,23.558500809068093,223.62,5268.151950923807,5268.151950923809,23.558500809068093
2024-12-18 05:00:00,COIN,BUY,18.82424051641466,279.86,5268.151950923807,10536.303901847616,18.82424051641466
2024-12-18 05:00:00,META,SELL,26.464702779302097,597.19,15804.455852771422,15804.455852771422,0.0
2024-12-18 05:00:00,TSLA,BUY,0.0,440.13,0.0,0.0,0.0
2024-12-19 05:00:00,AVGO,BUY,0.21055349931082645,218.32,45.96803996953963,1.4779288903810084e-12,23.76905430837892
2024-12-19 05:00:00,COIN,BUY,0.12019558392589857,273.92,32.92397434898214,45.96803996954111,18.944436100340557
2024-12-19 05:00:00,TSLA,BUY,11.897333463111368,436.17,5189.2599366052855,78.89201431852325,11.897333463111368
2024-12-20 05:00:00,AVGO,BUY,11.417015065801458,220.79,2520.762756378304,2759.241029147612,35.18606937418038
2024-12-20 05:00:00,COIN,SELL,18.944436100340557,278.71,5280.003785525916,5280.003785525916,0.0
2024-12-20 05:00:00,TSLA,BUY,3.510019689310332e-15,421.06,1.4779288903810084e-12,0.0,11.897333463111371
2024-12-23 05:00:00,AVGO,BUY,33.92396306590646,232.35,7882.232818363366,2.7284841053187847e-12,69.11003244008684
2024-12-23 05:00:00,TSLA,SELL,11.897333463111371,430.6,5122.991789215756,7882.232818363369,0.0
2024-12-24 05:00:00,AVGO,SELL,34.55501622004341,239.68,8282.146287620006,8282.146287620006,34.55501622004343
2024-12-24 05:00:00,PLTR,BUY,3.312071018838049e-14,82.38,2.7284841053187847e-12,0.0,3.312071018838049e-14
2024-12-26 05:00:00,AMD,BUY,44.6733969491174,125.06,5586.855022456622,2695.291265163384,44.67339694911739
2024-12-26 05:00:00,AVGO,SELL,11.784984338495416,245.36,2891.5637572932355,2891.5637572932355,22.77003188154801
2024-12-26 05:00:00,PLTR,BUY,32.81338282400029,82.14,2695.291265163384,0.0,32.81338282400033
2024-12-27 05:00:00,AMD,SELL,44.67339694911739,125.19,5592.662564060006,8484.226321353242,0.0
2024-12-27 05:00:00,AVGO,BUY,11.529376272411486,241.75,2787.2267138554766,3.183231456205249e-12,34.2994081539595
2024-12-27 05:00:00,COIN,BUY,31.20651056121226,265.71,8291.881921219709,192.34440013353378,31.20651056121226
2024-12-27 05:00:00,PLTR,SELL,32.81338282400033,79.08,2594.882313721946,2787.22671385548,0.0
2024-12-30 05:00:00,AVGO,SELL,0.2231062354324891,235.58,52.55936694318578,52.55936694318578,34.07630191852701
2024-12-30 05:00:00,COIN,BUY,1.2455906465038538e-14,255.56,3.183231456205249e-12,0.0,31.206510561212273
2024-12-31 05:00:00,AVGO,SELL,0.21375495492389263,231.84,49.55694874955527,49.55694874955527,33.862546963603116
2024-12-31 05:00:00,COIN,BUY,0.2116768704920893,248.3,52.55936694318578,0.0,31.41818743170436
